country_code,country_name,year,debt_to_gdp,electricity_access,exports_to_gdp,fdi_pct_gdp,gdp_growth,imports_to_gdp,industry_value_added,inflation,real_interest_rate,unemployment,debt_to_gdp_score,inflation_score,imports_to_gdp_score,unemployment_score,gdp_growth_score,electricity_access_score,fdi_pct_gdp_score,debt_sustainability,macro_stability,external_vulnerability,growth_capacity,development_capacity,sovereign_risk_score,risk_band,fx_change,fx_volatility,inflation_change,fx_pressure_score,fx_volatility_score,inflation_pressure_score,debt_pressure_score,market_risk_score,composite_risk_score,composite_risk_band
EGY,Egypt,2010,,99.4,21.3492458146859,,5.1472348575531,26.5871042599039,35.7845184816841,11.2651882653185,0.818721618124323,8.757,,30.278041539024265,22.537216056784303,20.682289376138723,43.592668195201576,0.6644518272425182,,,30.27804153902426,22.537216056784303,32.955706600636674,0.6644518272425182,25.659641815795595,Low Risk,,,,,,,,,,Unknown
EGY,Egypt,2011,,99.4,20.5674276128656,,1.7645719489982,24.6882065494858,35.9517175990081,10.0649259874818,-0.563878053386473,11.849,,27.16034051864363,16.92759380270937,30.395174970157697,60.16133622941155,0.6644518272425182,,,27.16034051864363,16.92759380270937,46.341332787615116,0.6644518272425182,29.356163107260976,Low Risk,,,-1.2002622778366998,,,42.791995878515685,,,,Unknown
EGY,Egypt,2012,,99.7,16.3969666208873,,2.22619979863525,24.3148026512211,39.2513148623634,7.11172943343083,-6.26271950249128,12.597,,19.489363866320677,15.82450393853613,32.74486398190614,57.900230466659096,0.33222591362126463,,,19.489363866320677,15.82450393853613,46.22095317016665,0.33222591362126463,27.032522717015954,Low Risk,,,-2.9531965540509697,,,38.33206415217665,,,,Unknown
EGY,Egypt,2013,,99.9,17.0178456245969,,2.18546605362143,23.3551924317351,39.8869544184046,9.46971981064921,3.29215715258359,13.154,,25.614282678525207,12.98967465155935,34.49456555883646,58.09974898717655,0.11074197120708451,,,25.614282678525207,12.98967465155935,47.14019953830436,0.11074197120708451,28.49950280612881,Low Risk,,,2.3579903772183792,,,51.84513844178566,,,,Unknown
EGY,Egypt,2014,,99.8,14.2441314553991,,2.91591187985748,22.6760563380282,39.890323943662,10.0702154687481,0.414129139027758,13.105,,27.17408003328617,10.983407055415412,34.340642080794126,54.5219421707564,0.22148394241418012,,,27.17408003328617,10.983407055415412,45.15205284327391,0.22148394241418012,27.755980063234528,Low Risk,,1.1194445532046677,0.6004956580988896,,0.0,47.373603733934345,,,,Unknown
EGY,Egypt,2015,,99.3,13.1838454928598,,4.37201907790141,21.6620974671631,36.6302017267482,10.370490343517,1.54106846018941,13.052,,27.95404896236805,7.988023883633518,34.174153420870766,47.389763340404,0.7751937984496138,,,27.95404896236805,7.988023883633518,41.25394444919213,0.7751937984496138,25.910169860119165,Low Risk,-8.329758329758342,4.930651204148961,0.3002748747689008,68.55704531442981,9.071957974505345,46.60976209158169,,,,Unknown
EGY,Egypt,2016,,100.0,10.3454639403558,,4.34664345555447,19.9010851110947,32.4559533476046,13.813606214829,6.92201135491608,12.45,,36.897599104280175,2.785735183139413,32.28309354777911,47.51405602761343,0.0,,,36.897599104280175,2.785735183139413,40.442537733404635,0.0,26.911421508971262,Low Risk,-56.664846735824035,37.9561003807716,3.443115871312001,0.0,87.68367191692572,54.6059867427381,,,,Unknown
EGY,Egypt,2017,,100.0,15.0140868185672,,4.18122099994778,27.8180475395935,34.3958677753768,29.5066083940039,-8.75819408094445,11.767,,77.66043053728279,26.173602986615496,30.13758874159704,48.324314048127206,0.0,,,77.66043053728279,26.173602986615496,39.88047729866677,0.0,41.59741690989921,Moderate Risk,1.2778977681785486,10.956943783926395,15.6930021791749,82.18425768110997,23.41656797151738,85.77296050200172,,,,Unknown
EGY,Egypt,2018,,100.0,17.984655608418,,5.3311086189448,27.9263640649779,35.3298750589345,14.4014657807422,-2.35870301315836,9.855,,38.42457400162628,26.49358588403371,24.131431802475344,42.692033578315645,0.0,,,38.42457400162628,26.49358588403371,34.07461132524693,0.0,28.87727176094988,Low Risk,-0.49760085303003354,3.3044726115589245,-15.105142613261702,79.66594348237915,5.2011041473160375,7.414276473746987,,,,Unknown
EGY,Egypt,2019,,100.0,16.6440314510365,,5.55209307156956,24.4799857040743,35.8254244102931,9.15279959324804,2.19909578279478,7.851,,24.791077198009965,16.312478895900902,17.83627568009047,41.60962657080645,0.0,,,24.791077198009962,16.312478895900902,30.571999371545456,0.0,22.029487039974455,Low Risk,11.627076263618497,3.1537960257779005,-5.248666187494159,96.86322326235346,4.8424430252252915,32.49177796235391,,,,Unknown
EGY,Egypt,2020,,100.0,12.4727757370868,,3.55016483786838,19.6534798296655,32.3694442999707,5.04493288977539,4.88781543020781,7.974,,14.120825829211404,2.0542728777654644,18.222655022931463,51.41529897423176,0.0,,,14.120825829211402,2.0542728777654644,36.00442856827091,0.0,18.925737343684947,Low Risk,1.967999999999992,2.841879895696053,-4.107866703472651,83.16307806892237,4.099977375147838,35.39427572351743,,,,Unknown
EGY,Egypt,2021,,100.0,10.5611502153652,,3.29064601202211,19.295823265447,31.1876357851451,5.21404940513043,4.36620669870869,7.441,,14.56010876113519,0.9977029472480841,16.54834453728718,52.68645172882644,0.0,,,14.56010876113519,0.9977029472480841,35.90804481846892,0.0,18.81587717624324,Low Risk,0.20398556409855217,2.787744873559984,0.16911651535504024,80.66105269552455,3.971117753839806,46.276060288689365,,,,Unknown
EGY,Egypt,2022,,100.0,15.0870258208479,,6.58784560886967,21.8960790564233,32.7114314313038,13.8956609775178,0.142669652477037,6.546,,37.110737700806794,8.67923980482647,13.736885091411702,36.53639272515331,0.0,,,37.110737700806794,8.679239804826471,25.950907038058993,0.0,22.040728725560175,Low Risk,-36.70529282806139,17.778758305604445,8.68161157238737,28.31003494220502,39.65478865031471,67.9341151800309,,,,Unknown
EGY,Egypt,2023,,100.0,19.1060913405676,,3.76028052279247,21.3443094314355,32.7344752545444,33.8847763115546,-5.64166239964291,6.753,,89.03279375821765,7.049231431825365,14.38713325375385,50.38612842830374,0.0,,,89.03279375821765,7.049231431825365,33.67230924011986,0.0,38.67655475813498,Moderate Risk,-19.940623453735775,8.557661049461661,19.989115334036804,52.088541113983155,17.70546539180621,96.70341672006988,,,,Unknown
EGY,Egypt,2024,,,16.3762422101126,,2.3991692678251,23.2245098772607,32.5624789967949,28.2705899322083,-7.03099094109369,6.817,,74.4498522406001,12.603619224888924,14.588176163849976,57.05300631440549,,,,74.4498522406001,12.603619224888924,37.33719231593329,,43.73762337716554,Moderate Risk,-39.153275648949325,32.184548926783044,-5.614186379346304,24.83788924608793,73.94543176526496,31.56179723097157,,,,Unknown
EGY,Egypt,2025,,,,,,,,,,6.781,,,,14.475089526920904,,,,,,,14.475089526920904,,,Unknown,6.602336211274773,3.345381450580118,,89.73628209349177,5.2984809894492555,,,,,Unknown
GHA,Ghana,2010,,64.2,29.4767179831573,7.84948455261709,7.89971194051621,45.901097808525,18.0149428066597,10.7333898354915,,5.384,,28.896686365306117,79.593584828512,10.086699754978955,30.110722079894103,39.64562569213732,18.86223896027256,,28.896686365306117,51.98842761567589,20.81385457189778,39.64562569213732,33.8862813724986,Moderate Risk,,,,,,,,,,Unknown
GHA,Ghana,2011,,64.1,36.9366085502594,8.2558797134245,14.0471235803149,49.3588453047101,23.8636600934779,8.7284593709302,,4.213,,23.688846486824627,89.80827790921565,6.408242759313943,0.0,39.75636766334441,14.676849530085468,,23.688846486824627,55.657628645974654,2.9752555668243303,39.75636766334441,27.32997307024117,Low Risk,,,-2.0049304645613013,,,40.744705672690486,,,,Unknown
GHA,Ghana,2012,,56.5,40.3592181740371,7.98251565917851,9.2927894063005,52.808816954646,27.1365335859295,11.1863409441067,,3.126,,30.073234324521643,100.0,2.9936545831500907,23.287270053934193,48.17275747508306,17.49217592560931,,30.07323432452164,62.49644360254969,13.865234299641573,48.17275747508306,35.72043733638817,Moderate Risk,,,2.4578815731765005,,,52.099288252238175,,,,Unknown
GHA,Ghana,2013,,70.7,25.4407833967285,5.13479660884921,7.31252501678145,35.318538506149,34.0898222065997,11.6661923071729,,2.173,,31.31965613739317,48.33115302822021,0.0,32.986830482178405,32.44739756367663,46.82031356807246,,31.319656137393174,47.644407819062145,17.671516329738427,32.44739756367663,31.169323273870347,Low Risk,,,0.47985136306619935,,,47.06665251145033,,,,Unknown
GHA,Ghana,2014,,78.3,28.2319021605976,6.15120635162518,2.85624016330883,35.6046602824807,33.8982030516643,15.4896160333318,,4.403,,41.251062191308115,49.176398706847294,7.005088898661807,54.81422103189435,24.031007751937995,36.35249553179983,,41.251062191308115,43.34735180909845,32.617123970036374,24.031007751937995,36.5352616400527,Moderate Risk,,,3.8234237261589,,,55.57359122775662,,,,Unknown
GHA,Ghana,2015,,74.0,33.8317048233696,6.45737614178894,2.12075933817334,42.6895661009546,31.1193795046839,17.1499695007878,,6.806,,45.56385764882259,70.10624928767997,14.553621913677203,58.416689846146596,28.79291251384275,33.1993088623324,,45.56385764882259,53.33036727615835,38.05169402035723,28.792912513842754,42.90761635208616,Moderate Risk,,,1.6603534674560017,,,50.07016431438487,,,,Unknown
GHA,Ghana,2016,,79.3,31.193239148362,6.20782671803196,3.37346574966936,36.6837602962245,27.6932546491989,17.4546347070868,,5.256,,46.355230536309186,52.36421836572558,9.684613934786707,52.28079122500051,22.923588039867116,35.76937273422164,,46.355230536309186,44.821106715041964,32.50399462597267,22.923588039867113,37.9462336834666,Moderate Risk,,,0.3046652062989992,,,46.620932264443226,,,,Unknown
GHA,Ghana,2017,,79.0,33.8768747799681,5.39035841681501,8.12889488100956,36.6714905104435,29.9522176933621,12.3719215507048,,3.369,,33.15279946223172,52.32797161952528,3.7569893824213114,28.988157945426263,23.25581395348837,44.18832925090078,,33.15279946223172,48.628134179241414,17.273686826888248,23.25581395348837,30.54859888399022,Low Risk,,,-5.082713156382001,,,32.91400667827455,,,,Unknown
GHA,Ghana,2018,,80.4,33.4548954489265,4.4440435772374,6.20007768127284,34.5036220155637,31.1777436281076,7.80876516610703,,3.204,,21.299925653635313,45.92377023149579,3.2386756298297423,38.43572418097673,21.705426356589143,53.93425269971441,,21.299925653635313,49.56489862614061,22.09423735365848,21.705426356589143,29.609222320626394,Low Risk,,,-4.56315638459777,,,34.23589749960021,,,,Unknown
GHA,Ghana,2019,,83.5,37.4495998625311,5.67619931009197,6.5077747939152,39.3752028696209,31.1077243700312,7.14364003330857,,3.067,,19.572252174681996,60.31513434843264,2.8083181504052277,36.9285886926717,18.272425249169434,41.24450617225056,,19.572252174681996,51.6466669956226,21.087034512333695,18.272425249169434,28.996005536987326,Low Risk,,,-0.66512513279846,,,44.15352731953065,,,,Unknown
GHA,Ghana,2020,,85.4,31.5254204867115,2.67937438514205,0.513941670628171,35.0500782295317,29.8767542337189,9.88728956269944,,3.178,,26.69892698176325,47.538082009288956,3.157001947603191,66.28706571414374,16.16832779623477,72.1082579454924,,26.69892698176325,58.70634379847234,36.976678965392765,16.16832779623477,38.066032541429166,Moderate Risk,,,2.7436495293908703,,,52.826358052621124,,,,Unknown
GHA,Ghana,2021,,86.3,30.0551194696231,3.18633188953992,5.07646643533542,32.6527114432115,28.4050146696866,9.9710886750444,,3.2,,26.916596555229944,40.45590901916996,3.2261104479487352,43.939299984039934,15.17165005537099,66.8871953318399,,26.916596555229948,52.47013007038357,25.03674769942616,15.171650055370991,31.943423534361802,Low Risk,,,0.08379911234496085,,,46.05899008950582,,,,Unknown
GHA,Ghana,2022,,85.1,34.6640435533587,1.93240124339233,3.80484980952164,35.451412242532,31.470050505779,31.2558951049016,,2.87,,82.20423155828435,48.72368152752103,2.189482942765597,50.16782298779723,16.500553709856046,79.8011977086076,,82.20423155828435,62.849825246196744,27.892165109746824,16.500553709856046,48.82510876457588,Moderate Risk,,,21.2848064298572,,,100.0,,,,Unknown
GHA,Ghana,2023,,89.5,31.7708164934404,1.63794208213468,3.14009099763754,32.6170450347243,29.4666223817331,38.1069656296501,,2.829,,100.0,40.35054521906896,2.060689828485268,53.42388732961154,11.627906976744185,82.83377875288231,,100.0,59.66110591625685,29.57668848980291,11.627906976744185,52.01244458512275,Moderate Risk,,,6.851070524748497,,,63.27673115513631,,,,Unknown
GHA,Ghana,2024,,,35.4733766353922,2.14505298599888,5.59045469593266,34.315046103667,31.519769781916,22.8483281157842,,2.82,,60.36543793383273,45.366689338641756,2.0324181692529995,41.4217269672965,,77.61113630618333,,60.36543793383273,60.02325614206974,23.1338335967763,,44.924071450650885,Moderate Risk,,,-15.2586375138659,,,7.023744560300484,,,,Unknown
GHA,Ghana,2025,,,,,,,,,,2.979,,,,2.5318841490230577,,,,,,,2.5318841490230577,,,Unknown,,15.410748501285115,,,34.01812619783948,,,,,Unknown
KEN,Kenya,2010,,19.2,20.1243596478793,0.392164287395035,8.05847360290906,30.2699277024041,18.5746727706851,3.96138889115385,12.526958492458,2.793,,11.30630246002051,33.41681648367048,1.9476031915561984,29.333089382857136,89.47951273532668,95.66381640418207,,11.30630246002051,61.7109073566303,16.618399365467415,89.47951273532668,37.45209891939219,Moderate Risk,,,,,,,,,,Unknown
KEN,Kenya,2011,,36.2,21.5494770708279,3.09471103381268,5.1211061197056,36.8527289037346,19.6629008334867,14.0224913014704,4.52618583226898,2.699,,37.44018155462424,52.86337640658709,1.6523214173525158,43.72064972787315,70.65337763012181,67.83078176722861,,37.44018155462424,59.66674247960597,24.188925869417137,70.65337763012181,43.21045260486495,Moderate Risk,,,10.061102410316549,,,71.44390732555361,,,,Unknown
KEN,Kenya,2012,,38.1,19.8649477228834,2.44725940988928,4.56867961444982,31.7587443003647,19.26155255789,9.37777003547598,9.31351134458288,2.678,,25.375441624219945,37.8149990052119,1.5863542124772256,46.42649764305663,68.54928017718716,74.49876762105292,,25.375441624219945,54.48943928513964,25.60785962171619,68.54928017718716,39.20562159857636,Moderate Risk,,,-4.64472126599442,,,34.0283747149573,,,,Unknown
KEN,Kenya,2013,,40.1,17.7921805531655,1.81417037253291,3.7978483925754,29.6724619595649,19.0802591143975,5.71749357037733,9.29394635969954,2.762,,15.867813265957167,31.651815078544644,1.850223031978388,50.202116725094534,66.3344407530454,81.01883582278619,,15.867813265957167,54.091369962290806,27.753023224719175,66.3344407530454,37.38538251000279,Moderate Risk,,,-3.660276465098649,,,36.53306451418163,,,,Unknown
KEN,Kenya,2014,,36.0,16.4728044658123,1.20220842439576,5.02011100232484,29.6976848964037,19.0360328023672,6.87815499275949,8.24907899217324,2.767,,18.88265041255091,31.726327332168303,1.8659295093296473,44.21533531085745,70.87486157253599,87.32131999686256,,18.88265041255091,56.99677854339296,24.553111188719537,70.87486157253599,38.334007235770116,Moderate Risk,,,1.1606614223821596,,,48.79881464916123,,,,Unknown
KEN,Kenya,2015,,41.6,15.1287339034504,0.883799936312692,4.96772112759767,25.1986507884515,18.8940456983605,6.58215429284779,6.26880578270384,2.762,,18.113783723004204,18.435520926248778,1.850223031978388,44.47194688173348,64.67331118493908,90.60055077770414,,18.113783723004204,51.23780722236485,24.68328938006147,64.67331118493908,35.78391128714378,Moderate Risk,,,-0.2960006999117004,,,45.09267820016374,,,,Unknown
KEN,Kenya,2016,,53.1,13.2497448006759,0.627591266355583,4.21351706814744,21.6152747725065,18.1621592865164,6.29724953814625,10.1181287134987,2.757,,17.373738933755952,7.849702778446869,1.8345165546271285,48.16612422925489,51.937984496124024,93.23919700821118,,17.373738933755952,46.66310924652156,26.655020666034854,51.937984496124024,33.397899074888436,Moderate Risk,,,-0.28490475470153953,,,45.12090924039611,,,,Unknown
KEN,Kenya,2017,,55.8,12.7366599413725,1.64083690398642,3.83795817364721,23.2583979340349,17.5035092078691,8.00564967709945,5.65674761585907,3.542,,21.811336411227852,12.703729513286735,4.300433498774894,50.005654451001845,48.947951273532674,82.80396551210339,,21.811336411227852,44.56747314911249,28.785373294610753,48.947951273532674,34.212287559833385,Moderate Risk,,,1.7084001389532002,,,50.1924078448258,,,,Unknown
KEN,Kenya,2018,,61.2,12.541975333359,0.832686217791619,5.64794640709219,21.8727778433835,17.313146131064,4.6898064677633,8.48796047494691,4.284,,13.198379103428481,8.610404605069329,6.631274737701828,41.14012602074286,42.967884828349945,91.12696161589086,,13.198379103428481,46.11793051907912,25.11815935361667,42.967884828349945,30.578879557259228,Low Risk,,,-3.3158432093361503,,,37.409394463242215,,,,Unknown
KEN,Kenya,2019,,69.7,11.4279956869332,0.468168547481475,5.11415885767801,20.3314661545478,16.9305452274709,5.23963795764792,7.83110074767397,5.014,,14.626575447431147,4.057143888221751,8.92442043098574,43.754678208213505,33.5548172757475,94.88106243097292,,14.626575447431147,45.340743225835915,27.583487097357754,33.5548172757475,30.367442570585172,Low Risk,,,0.5498314898846202,,,47.24470059462476,,,,Unknown
KEN,Kenya,2020,,71.5,11.4410451821593,-0.0053684543935162,-0.272766327438816,18.9580936008817,17.4002876322786,5.40516207933392,6.7146344090674,5.613,,15.056527077676632,0.0,10.806056417666648,70.14045105350594,31.56146179401993,99.7579334018586,,15.056527077676634,45.344515182662995,42.592339258294835,31.561461794019934,35.599960751143854,Moderate Risk,,,0.1655241216859995,,,46.266920282292396,,,,Unknown
KEN,Kenya,2021,,76.5,13.1097382018218,0.382593996518954,7.59048947333467,21.8923095777051,17.1524357767952,6.10793603659176,7.42758100514372,5.693,,16.881993997780746,8.668104212009716,11.0573600552868,31.62532892839002,26.02436323366556,95.76237907947818,,16.881993997780746,48.25641096994993,22.07591480873495,26.02436323366556,28.76777154205367,Low Risk,,,0.7027739572578406,,,47.633826970780476,,,,Unknown
KEN,Kenya,2022,,76.0,15.9570283629469,0.691645983068062,4.85998104287999,24.3182954744092,17.5274480968435,7.65986268272224,5.02892163035786,5.565,,20.91314900243314,15.83482225035357,10.655274235094556,44.999670082632484,26.578073089700993,92.57950919660092,,20.91314900243314,50.71877086228419,29.054057724847016,26.578073089700993,32.96851266931763,Low Risk,,,1.5519266461304797,,,49.79429759937023,,,,Unknown
KEN,Kenya,2023,,76.2,16.890666978856,0.472521238226254,5.71999241214208,24.2204234378835,17.1222148239844,7.67139634029402,7.75281849023132,5.409,,20.943107867794694,15.545693904401055,10.165232141735252,40.78723648574258,26.356589147286826,94.83623486511343,,20.943107867794694,51.586848886543045,26.56987732602489,26.356589147286826,32.30011632981817,Low Risk,,,0.011533657571780154,,,45.87512752327357,,,,Unknown
KEN,Kenya,2024,,,17.0656153005354,0.385110027210407,4.72473994710138,23.1203986963402,16.4676669412723,4.48978854243448,,5.487,,12.67882925052798,12.296059531607142,10.410253188414904,45.662096366632454,,95.73646693957691,,12.678829250527977,50.22351744432067,29.295169176745734,,31.667662459315284,Low Risk,,,-3.18160779785954,,,37.75092510621399,,,,Unknown
KEN,Kenya,2025,,,,,,,,,,5.449,,,,10.29088396054533,,,,,,,10.29088396054533,,,Unknown,,1.651894781587612,,,1.2674112263655488,,,,,Unknown
NGA,Nigeria,2010,,48.0,,1.64207369186652,8.00565591628701,,25.3174522378126,13.7400521363694,1.06773606467312,3.744,,36.70654117494162,,4.934975183765786,29.59179642509966,57.5858250276855,82.79122805993867,,36.70654117494162,82.79122805993867,18.14398656305179,57.58582502768551,38.97757417864608,Moderate Risk,,,,,,,,,,Unknown
NGA,Nigeria,2011,,55.9,,2.133117701613,5.30792420289453,,28.2777998870502,10.8261371880017,5.68557985915527,3.77,,29.13759913987054,,5.0166488659923365,42.80559348762035,48.837209302325576,77.734055617072,,29.13759913987054,77.734055617072,25.260726341864483,48.837209302325576,37.84075411036139,Moderate Risk,,,-2.913914948367699,,,38.43200702044363,,,,Unknown
NGA,Nigeria,2012,,53.0,,1.52378233769127,4.23006117493223,,27.0730175029593,12.2242413020584,6.22480861375514,3.761,,32.76919758587783,,4.9883772067600685,48.08508931071588,52.04872646733112,84.00948908072439,,32.76919758587783,84.00948908072439,28.075901548164964,52.04872646733112,41.46292356628751,Moderate Risk,,,1.3981041140567,,,49.4029321041942,,,,Unknown
NGA,Nigeria,2013,,55.6,,1.06953936497778,6.67133539306167,,25.7423212364316,8.49551838265669,11.2016222248975,3.711,,23.08377843608347,,4.831312433247471,36.127450257068006,49.169435215946834,88.6876543742151,,23.08377843608347,88.6876543742151,21.597100553151325,49.169435215946834,36.3454200490812,Moderate Risk,,,-3.7287229194017115,,,36.358918502409345,,,,Unknown
NGA,Nigeria,2014,,54.2,,0.817478467870197,6.30971865525431,,24.6436085906069,8.04741087967907,11.3562130249595,3.9,,21.919811822226745,,5.425017277125087,37.898690208051974,50.71982281284606,91.28358345078573,,21.919811822226745,91.28358345078571,22.821627775835914,50.71982281284606,37.17570080545159,Moderate Risk,,18.46861272226486,-0.4481075029776189,,41.296874963036586,44.705677976601,,,,Unknown
NGA,Nigeria,2015,,52.5,,0.621501637000126,2.65269329543001,,20.160782897492,9.00943498007706,13.5961532451283,4.134,,24.41868525582943,,6.16008041716404,55.81121676409049,52.60243632336656,93.30191298713044,,24.41868525582943,93.30191298713044,32.75890346016035,52.60243632336657,42.66407764536955,Moderate Risk,-7.889908256880728,6.665505218395462,0.9620241003979899,69.18091551664179,13.20149597928571,48.29342839117472,,,,Unknown
NGA,Nigeria,2016,,59.3,,0.853395742751916,-1.61686894906509,,18.17313172689,15.6968126387972,6.68623362327285,4.499,,41.78925878400881,,7.306653263805993,76.72401871711065,45.071982281284605,90.9136780061628,,41.78925878400881,90.9136780061628,44.49452761379063,45.071982281284605,50.87742476019349,Moderate Risk,-34.462151394422314,26.916107683547004,6.6873776587201395,31.491639734581284,61.404763696807954,62.86025290122714,,,,Unknown
NGA,Nigeria,2017,,54.4,,0.642182922336257,0.805886619102438,,22.3151171946859,16.5022662139641,5.79056686533675,4.83,,43.8814377015143,,8.346422064459384,64.85708611928035,50.498338870431894,93.08892021212655,,43.8814377015143,93.08892021212654,38.619992093827754,50.498338870431894,50.10754921333363,Moderate Risk,-14.893617021276595,13.325019105877194,0.805453575166899,59.24706425116027,29.053386378065362,47.89507126942582,,,,Unknown
NGA,Nigeria,2018,,56.5,,0.183821495682229,1.92275734200614,,25.7333065832929,12.0951065173432,6.05597715767894,5.069,,32.43376785730314,,9.097191681849596,59.38652616542879,48.17275747508306,97.80950070947253,,32.43376785730314,97.80950070947253,36.03790658376701,48.17275747508306,46.25290587306802,Moderate Risk,-1.4285714285714346,5.56410909838614,-4.407159696620898,78.34548263212481,10.579801532060666,34.63279462652183,,,,Unknown
NGA,Nigeria,2019,,55.4,,0.344961215904222,2.20842927714892,,21.0040409408605,11.3964223378116,-25.7765299378193,5.206,,30.61892420215176,,9.527549161274111,57.98727250403065,49.390919158361015,96.14995220387395,,30.618924202151764,96.14995220387395,35.488115237750826,49.390919158361015,45.45782690785008,Moderate Risk,0.7246376811594235,4.414127937555228,-0.6986841795316003,81.39953010312801,7.842458291975257,44.06814416554608,,,,Unknown
NGA,Nigeria,2020,,55.4,,0.398484830422215,-6.36889840510109,,18.3649963095652,13.2460234276597,2.14785084959324,5.714,,35.423293473432906,,11.123327260162093,100.0,49.390919158361015,95.59872228759258,,35.423293473432906,95.59872228759258,58.73583051364668,49.390919158361015,56.54725683883994,Moderate Risk,-4.6762589928057485,7.5191894020288395,1.8496010898481003,73.73905962038204,15.233552424061028,50.55166067548266,,,,Unknown
NGA,Nigeria,2021,,59.5,,0.543909122152652,1.10925253938163,,18.2539292138778,16.9528457221608,-1.02433535391556,5.404,,45.0518253896114,,10.149525664383994,63.371165304266064,44.85049833887044,94.10102410562664,,45.051825389611395,94.10102410562662,38.66111832860652,44.85049833887044,49.74180900998422,Moderate Risk,-8.301886792452839,8.337584732152157,3.706822294501098,68.59657747024141,17.181609488762735,55.276926126592485,,,,Unknown
NGA,Nigeria,2022,,60.5,,-0.0288727652154093,4.31882949523192,,19.1690558860792,18.8471877843274,3.96855873884367,3.827,,49.9724100728287,,5.195702707796696,47.650291971826356,43.74307862679956,100.0,,49.972410072828694,100.0,27.939232670669725,43.74307862679956,47.261101247843406,Moderate Risk,-8.230452674897105,1.8643267002275852,1.8943420621666007,68.69789748838481,1.7730708808657543,50.66549362667663,,,,Unknown
NGA,Nigeria,2023,,61.2,,0.384195197914633,3.32684556421316,,19.1302382465391,24.659550203114,2.87664578502372,3.074,,65.07011711443792,,2.83030721869699,52.50914220096195,42.967884828349945,95.74588859916891,,65.07011711443792,95.74588859916891,29.443968816338934,42.967884828349945,51.255014684735784,Moderate Risk,-49.32735426008969,36.19051442979998,5.812362418786602,10.407280109372467,83.48098153181553,60.63398105375217,,,,Unknown
NGA,Nigeria,2024,,,,0.428249682662515,4.06236408888319,,18.1967486361818,33.2420966545406,,3.045,,87.36342277201807,,2.7392096500596845,48.90648873009754,,95.29217951845595,,87.36342277201807,95.29217951845595,27.471680585794246,,58.833401097912926,Moderate Risk,-42.47787610619469,43.13029448940162,8.582546451426602,20.122375284782297,100.0,67.68206712441257,,,,Unknown
NGA,Nigeria,2025,,,,,,,,,,3.064,,,,2.798894263994472,,,,,,,2.798894263994472,,,Unknown,6.153846153846154,9.727267440210502,,89.1001571953247,20.489523301905994,,,,,Unknown
RWA,Rwanda,2010,,9.7,10.7427647311274,3.52981463633808,7.33465645006753,26.5361143612077,16.328981915635,-0.246128693436934,13.3869922357649,11.637,,0.3772062874813901,22.386584419866775,29.72922033046429,32.87842820233228,100.0,63.349729346653305,,0.37720628748139007,41.006195750224286,31.41629597610785,100.0,35.751055218084865,Moderate Risk,,,,,,,,,,Unknown
RWA,Rwanda,2011,,10.8,12.6588705752209,1.62859755954292,7.95838869847094,27.0572319022891,18.1678448507507,3.0801706924026,8.84027616090931,11.756,,9.017323685834164,23.926042042781795,30.103034491424268,29.82331663922283,98.78183831672203,82.93001628191193,,9.017323685834164,50.74603033329549,29.95318564203064,98.78183831672203,39.81066762591788,Moderate Risk,,,3.326299385839534,,,54.30877448738575,,,,Unknown
RWA,Rwanda,2012,,17.5,11.9942781520571,3.52219420805752,8.64150815836322,28.5465848466622,18.2255034210874,10.2710182318876,11.4386055799393,11.671,,27.695668515316633,28.325809010265164,29.83602437645285,26.477319753148453,91.36212624584718,63.42821074371421,,27.695668515316633,44.28144616183291,28.036718328254064,91.36212624584718,40.658502878020634,Moderate Risk,,,7.190847539485,,,64.1412143867477,,,,Unknown
RWA,Rwanda,2013,,15.2,13.4925358045666,2.98932057367113,4.71984856978263,29.2009566249696,17.6168559784511,5.92426867984854,14.2462823994154,11.768,,16.404915015876043,30.258919187760476,30.140730037067293,45.68605488961135,93.90919158361018,68.91617883997583,,16.404915015876043,47.83040084785836,38.46858263664446,93.90919158361018,43.12525023847179,Moderate Risk,,,-4.346749552039061,,,34.78649412573815,,,,Unknown
RWA,Rwanda,2014,,19.8,13.8686615802081,3.81112336248267,6.16716615166932,30.0340721108669,17.5513834863908,2.35449052820358,11.9607651018482,11.837,,7.13235751621412,32.72006448498396,30.357479424514672,38.59692859987396,88.81506090808416,60.452582228351574,,7.13235751621412,45.32575436833288,34.77147005417143,88.81506090808416,38.29872823067718,Moderate Risk,,2.2353019522392303,-3.5697781516449596,,2.656117171467005,36.763316329568546,,,,Unknown
RWA,Rwanda,2015,,22.8,13.2317868359616,1.89710171173713,8.8568555974538,31.9701887799487,17.4466631881327,2.52850284192421,16.7659340409904,11.831,,7.58435736496669,38.43963700001707,30.33863165169316,25.422523479690227,85.49280177187154,80.16474112872783,,7.58435736496669,57.405593422158326,27.70500227383444,85.49280177187154,38.847558580038005,Moderate Risk,-7.5342465753424515,18.688560928615814,0.17401231372062975,69.6853754198281,41.82042591876587,46.28851650382118,,,,Unknown
RWA,Rwanda,2016,,29.4,15.4218031562888,3.21723490346275,5.97074525431094,34.0631039507003,16.8369912939315,7.17434301982009,11.6743123556092,11.788,,19.652003687449877,44.62241527887139,30.203555946472328,39.559020517186205,78.18383167220377,66.56893084370827,,19.652003687449877,54.59810417197907,35.21541196649762,78.18383167220377,42.59954115309754,Moderate Risk,-8.888888888888891,29.406289296214783,4.64584017789588,67.76399123419387,67.33223628174657,57.66603774736395,,,,Unknown
RWA,Rwanda,2017,,34.1,20.5283808772972,2.96153582649288,3.91817093628465,33.1468865404281,17.2842232487373,8.27953672260832,8.32839190737932,11.875,,22.522762519520672,41.91577471259138,30.47684865238425,49.612763207571874,72.97895902547064,69.20232886924593,,22.522762519520672,54.318753874707085,40.72823144980618,72.97895902547064,44.49490232620779,Moderate Risk,-2.4390243902439046,7.63060843625213,1.1051937027882301,76.91228634003349,15.498767325431759,48.657689995623784,,,,Unknown
RWA,Rwanda,2018,,38.0,21.10801098862,3.79950138241727,8.51646722592409,34.6761153853403,17.3499797528636,-0.311210160390699,17.656522610566,10.759,,0.20815610596995573,46.43334093689527,26.97116290758309,27.089784475847377,68.66002214839423,60.57227487534797,,0.20815610596995573,52.86012909073741,27.034710176296098,68.66002214839423,33.46463790158866,Moderate Risk,-4.1666666666666625,2.669218723041777,-8.590746882999019,74.46185015096931,3.688985517290877,23.98863444572534,,,,Unknown
RWA,Rwanda,2019,,46.6,21.8254435390056,2.54289979218123,9.44738518613097,36.1502193247898,18.8647459714312,3.34787655037648,13.717350611345,11.236,,9.71269405777598,50.78806010801624,28.469560846893266,22.53004232396355,59.13621262458471,73.51378481675846,,9.71269405777598,61.11793497562634,25.287675923895204,59.13621262458471,36.13897582844436,Moderate Risk,-4.347826086956519,7.472108009471006,3.6590867107671787,74.20489904163011,15.121482821495649,55.15547408628553,,,,Unknown
RWA,Rwanda,2020,,45.2,19.3259418342726,1.49998346928248,-3.37368746369782,35.8620097177129,18.6382750394843,9.85039902274207,9.02726772141586,11.829,,26.603103197086135,49.936646671248866,30.332349060752662,85.32911581138151,60.68660022148394,84.25458927357774,,26.60310319708613,65.53571149048926,59.79490267716097,60.68660022148394,53.868779327098224,Moderate Risk,-5.4545454545454675,7.62719196872813,6.502522472365591,72.63516135548508,15.49063497978965,62.38993206741844,,,,Unknown
RWA,Rwanda,2021,,48.7,19.502494693488,2.10659286861252,10.8584320184896,34.7913371528487,20.4522932693169,-0.391346748300791,12.8518758011187,15.775,,0.0,46.77372293199843,42.727900986366784,15.618574294752975,56.81063122923589,78.00723002066756,,0.0,60.97077160866622,28.20504740157367,56.810631229235895,34.60518737085999,Moderate Risk,-3.8461538461538325,5.352399294664907,-10.241745771042861,74.91645595980025,10.07586075475489,19.788053499336712,,,,Unknown
RWA,Rwanda,2022,,50.6,22.4780615146911,2.29121488787355,8.16120720872912,38.667017988674,21.2695312277805,17.6892095588153,0.495362461056007,15.084,,46.96454257426451,58.22305237563147,40.55726581642269,28.829888485574372,54.706533776301214,76.10584161225317,,46.96454257426452,66.35159293773224,34.27474224632537,54.706533776301214,48.8699350208589,Moderate Risk,-6.000000000000005,2.4700122962711677,18.08055630711609,71.86150492445648,3.2148069965678974,91.84753417429782,,,,Unknown
RWA,Rwanda,2023,,63.9,25.0057307202908,3.19322395833009,8.24990302014558,39.9011734217134,20.703253350416,19.789546746467,3.67012650683346,12.352,,52.420202986159936,61.8689284774258,31.975246591694418,28.39544630344988,39.97785160575857,66.81621517595126,,52.420202986159936,64.11769515857372,30.057496437277702,39.97785160575857,46.09668414795978,Moderate Risk,-14.893617021276583,3.537936755219052,2.1003371876517,59.24706425116029,5.75682759498419,51.18960009666152,,,,Unknown
RWA,Rwanda,2024,,,30.8220804418076,4.02009319742237,8.89065529573114,39.1323331262486,20.9658580178961,1.77029240198635,11.810274731558,11.331,,5.614893268737606,59.597661516806156,28.767983916567196,25.25696870951274,,58.30044011955554,,5.614893268737606,59.00801542714678,26.88708291278802,,31.648275585184866,Low Risk,-8.750000000000014,4.00541014789328,-18.01925434448065,67.96098708468725,6.869572025016415,0.0,,,,Unknown
RWA,Rwanda,2025,,,,,,,,,,11.363,,,,28.868505371615257,,,,,,,28.868505371615257,,,Unknown,-5.47945205479452,4.445826217476609,,72.59983457781256,7.917910895218283,,,,,Unknown
ZAF,South Africa,2010,,82.8,25.7834176267221,0.884904611686012,3.03973288127956,24.6226695358778,25.3034630993363,4.06749555950263,3.49095978979672,24.683,,11.581916277340849,16.733987855435842,70.71056103537099,53.91545280906522,19.047619047619047,90.58917392808297,,11.581916277340849,50.30452697936636,61.71318162842147,19.047619047619047,41.4566584950024,Moderate Risk,,,,,,,,,,Unknown
ZAF,South Africa,2011,,83.6,27.6981484703752,0.903381424332556,3.16855627858818,26.9382019655219,24.8394911507999,5.0008533879502,3.27930122317635,24.639,,14.006328597767995,23.5744101573321,70.57234403467992,53.28446114281093,18.16168327796236,90.39888461410405,,14.006328597767997,53.94917127404662,61.31097819975009,18.16168327796236,42.78615263027534,Moderate Risk,,,0.9333578284475701,,,48.22049375952175,,,,Unknown
ZAF,South Africa,2012,,85.2,27.1391491937679,1.06492249485696,2.39623238465745,28.4434679995666,24.4686002355753,5.73797139141739,3.88287299810937,24.727,,15.921004743129002,28.02118672489195,70.84877803606209,57.067391502517786,16.38981173864894,88.73520267514918,,15.921004743129002,55.6184667022816,63.46589239309192,16.38981173864894,44.24522381050744,Moderate Risk,,,0.7371180034671898,,,47.72120737253217,,,,Unknown
ZAF,South Africa,2013,,85.2,28.379280320361,2.05358095229684,2.48546800826588,30.4957473096901,24.5517417673484,5.78016910069176,2.50924549715633,24.561,,16.030613987451456,34.08392071339704,70.32732298800025,56.63030525882069,16.38981173864894,78.55319005075452,,16.030613987451456,54.29722495765045,62.98963491879691,16.38981173864894,43.72689610199025,Moderate Risk,,,0.04219770927436972,,,45.953145038762976,,,,Unknown
ZAF,South Africa,2014,,85.9,29.0006193033471,1.51932743753979,1.41382645223793,30.4989547517121,24.3052820058227,6.13282953059149,3.56702763012509,24.89,,16.94665525813767,34.09339596740707,71.36080919771314,61.879327604082015,15.614617940199327,84.05536928256906,,16.94665525813767,56.80338383793525,66.28144405826788,15.614617940199329,45.727446821981395,Moderate Risk,,9.090973046384413,0.35266042989973023,,18.974927918112407,46.74304489773141,,,,Unknown
ZAF,South Africa,2015,52.651157246849,85.3,27.7136384124829,0.438735792056356,1.32186223678229,29.0130377322327,23.7323079746326,4.51869094892506,3.66774283297157,25.149,0.0,12.753903727057846,29.703779225837025,72.17440472450839,62.32977880129042,16.279069767441868,95.18418499575156,0.0,12.753903727057844,59.46760003034364,66.90049797992732,16.279069767441868,35.73862108866985,Moderate Risk,-25.259995377859955,14.41687793278215,-1.6141385816664302,44.54370290074173,31.65237884920839,41.73898431768491,0.0,29.624002446061603,33.90423549588738,Moderate Risk
ZAF,South Africa,2016,53.7387913927398,83.9,28.1560881698955,0.684612553455795,0.664552307858116,27.7051693349827,23.7825372977493,6.60290842394872,3.27825167845193,26.536,4.058979976656742,18.16769292010661,25.840144219926398,76.53138154174782,65.54935766632946,17.829457364341085,92.651945201741,4.058979976656742,18.16769292010661,56.209144666205766,70.64815446563082,17.829457364341085,38.093601133859686,Moderate Risk,12.600494743351899,19.279455645989174,2.08421747502366,98.24389095172114,43.22695475184296,51.1485872539413,4.058979976656742,51.524368418429525,42.122831319230635,Moderate Risk
ZAF,South Africa,2017,56.2597208339946,84.4,27.3400757812216,0.539673956759456,1.15794695181735,26.1958560481525,23.6105564955695,5.18618655524149,4.64731548547952,27.035,13.466924884672798,14.487734549986916,21.381411474227598,78.09888798140354,63.132654528413134,17.27574750830564,94.14464129938594,13.466924884672798,14.487734549986916,54.45560684929957,70.08126291730152,17.27574750830564,38.901077568146555,Moderate Risk,11.108059865440056,13.622703250423596,-1.4167218687072296,96.12706590954336,29.761975099784877,42.24126502117929,13.466924884672798,48.09359777321329,41.658833629666574,Moderate Risk
ZAF,South Africa,2018,59.1023114125426,84.7,27.4970371508423,1.3742911715346,1.55678384721676,26.9885079767917,23.5370608392744,4.50987264867388,5.85618355804149,26.906,24.075288261044676,12.730998047025412,23.723021490520065,77.69366086574104,61.17910600811709,16.943521594684384,85.54907125856181,24.075288261044676,12.730998047025412,51.825771385084494,68.84657790629963,16.943521594684384,39.961206743845324,Moderate Risk,-13.853188334157206,14.072462238779988,-0.6763139065676107,60.722777216657306,30.832553269565903,44.12506009871753,24.075288261044676,40.76880556739334,40.20348639090973,Moderate Risk
ZAF,South Africa,2019,64.589278136337,85.0,27.2021294051151,1.31407752293306,0.25993557687633,26.6958670030255,23.6220152843652,4.10285075461156,5.26841565254553,28.468,44.55229162528027,11.67375197850571,22.85851714682292,82.60036439027456,67.53121647932848,16.61129568106312,86.1692006122411,44.55229162528027,11.67375197850571,51.636100540194825,74.52760658083915,16.61129568106312,45.79158104327682,Moderate Risk,2.424329364510136,11.227753438069929,-0.4070218940623196,83.81032200604324,24.061186336903514,44.81021070962112,44.55229162528027,51.25850823428314,47.431659200578714,Moderate Risk
ZAF,South Africa,2020,75.7255090818801,90.0,27.5759141603963,0.933073684352391,-6.1689177146757,23.1837449200214,23.3394384079582,3.23238831615113,2.19841383909371,29.217,86.1119820728098,9.412711468691132,12.483193564222008,84.95319469749325,99.02047181097157,11.074197120708751,90.09308945896863,86.1119820728098,9.412711468691132,47.76041897092502,92.48923600828519,11.07419712070875,58.150622088376785,Moderate Risk,-4.649859943977597,15.555555541179015,-0.87046243846043,73.7765032425301,34.3628158199581,43.63109451839872,86.1119820728098,60.97786934963075,58.998796266752976,Moderate Risk
ZAF,South Africa,2021,74.0826080100226,89.3,31.1916105051608,9.68098022663018,4.85864865060148,24.9731031225938,24.9006017482132,4.61874544887136,0.59508785972345,34.007,79.98078200016415,13.013796937347252,17.769220051373622,100.0,45.0061962917023,11.849390919158365,0.0,79.98078200016415,13.01379693734725,9.692301846203794,70.53903372769766,11.849390919158363,43.006430430594634,Moderate Risk,-7.887779083431257,12.305799347109497,1.3863571327202302,69.18393547265038,26.627299402163622,49.37304465464054,79.98078200016415,57.28180992330516,47.289044278407786,Moderate Risk
ZAF,South Africa,2022,76.2054429487374,86.5,33.5394403164272,2.26670277731613,2.05813661692193,31.4076940859128,24.9820287872223,7.03987272546482,3.37387624023208,33.268,87.90306408605213,19.30271488477424,36.777945200531946,97.67858264748384,58.72342306428353,14.950166112956808,76.358287355541,87.90306408605213,19.30271488477424,54.76900981644515,76.80974715648367,14.950166112956808,57.86409075291988,Moderate Risk,-6.266943071280506,13.307220754593011,2.4211272765934595,71.4828808474629,29.011020295705176,52.005775531519404,87.90306408605213,61.07454045598208,58.82722566383853,Moderate Risk
ZAF,South Africa,2023,79.446907709916,87.7,33.2538127556816,1.0127377916456,0.80610455095804,32.4260632183892,24.5639655120651,6.0752438457966,6.47206699043374,32.098,100.0,16.797075494148146,39.78635693174878,94.00326694728906,64.8560186642406,13.621262458471762,89.27264338877467,100.0,16.797075494148146,62.28012350312419,78.3886696527988,13.621262458471763,62.036054508264826,Moderate Risk,-6.941136440966311,12.260528996042613,-0.9646288796682194,70.5266251144034,26.519540689508116,43.391510008929224,100.0,61.46617470848389,61.865090568330544,Moderate Risk
ZAF,South Africa,2024,,,31.7919070646303,0.580891709673066,0.534843531905139,29.8548634083947,24.3105308888817,4.36115246518962,7.41753982186412,32.279,,12.344694922815126,32.19065570219565,94.57184142740468,66.18468601798206,,93.72014720098687,,12.344694922815126,60.158606383464395,79.36443674378542,,55.41026585107178,Moderate Risk,-3.034734917733095,9.604902618270138,-1.7140913806069804,76.06734832555716,20.1982537319587,41.48467777283596,,,,Unknown
ZAF,South Africa,2025,,,,,,,,,,32.391,,,,94.92366652007289,,,,,,,94.92366652007289,,,Unknown,13.838612368024151,9.400272884716985,,100.0,19.71116591092216,,,,,Unknown
